{
  "anim_duration": 0.5,
  "cameras": [
    {
      "ctr": [
        11.688800811767578,
        3.0514941215515137,
        -0.23698186874389648
      ],
      "eye": [
        6.091207504272461,
        4.744747638702393,
        -4.211971282958984
      ],
      "fov": 60.0,
      "up": [
        0.0,
        1.0,
        0.0
      ]
    },
    {
      "ctr": [
        5.119796276092529,
        1.1815739870071411,
        1.747225046157837
      ],
      "eye": [
        -0.3869773745536804,
        2.9515480995178223,
        -2.3200714588165283
      ],
      "fov": 60.0,
      "up": [
        0.0,
        1.0,
        0.0
      ]
    },
    {
      "ctr": [
        -10.510558128356934,
        1.4759516716003418,
        -1.2626307010650635
      ],
      "eye": [
        -3.6292693614959717,
        2.3290205001831055,
        -2.6489975452423096
      ],
      "fov": 60.0,
      "up": [
        0.0,
        1.0,
        0.0
      ]
    }
  ],
  "mode": 1,
  "speed": 3.0
}
